{
  "user": [
    {
      "id": 1,
      "mail": "test",
      "password": "123",
      "name": "Administrador"
    }
  ],
  "medicine": [
    {
      "name": "Diazepam",
      "validity": "25/06/2026",
      "quantity": "1",
      "activePrinciple": "benzodiazepínicos",
      "id": 1
    },
    {
      "name": "Dipirona",
      "validity": "10/02/2026",
      "quantity": "1",
      "id": 2
    }
  ],
  "posts": [
    {
      "id": 1,
      "title": "json-server",
      "author": "typicode"
    }
  ],
  "comments": [
    {
      "id": 1,
      "body": "some comment",
      "postId": 1
    }
  ],
  "profile": {
    "name": "typicode"
  }
}